critical_customer_id,feeder_id,region_id,site_name,site_type,lat,lon,backup_power_status,priority_score
CCX-000001,FDR-SEQ-0027,REG-SEQ,Water Pumping Site 1,water_pumping,-27.134449,152.923585,full,84.0
CCX-000002,FDR-CQI-0098,REG-CQI,School Site 2,school,-23.566463,148.195957,partial,49.1
CCX-000003,FDR-SEQ-0034,REG-SEQ,Emergency Services Site 3,emergency_services,-27.107854,152.894626,full,83.1
CCX-000004,FDR-TSV-0087,REG-TSV,Hospital Site 4,hospital,-16.923974,145.729194,full,76.3
CCX-000005,FDR-SEQ-0013,REG-SEQ,Industrial Site 5,industrial,-27.955009,153.279979,full,65.0
CCX-000006,FDR-SEQ-0025,REG-SEQ,Telecom Site 6,telecom,-28.009559,153.331234,none,89.6
CCX-000007,FDR-SEQ-0021,REG-SEQ,Emergency Services Site 7,emergency_services,-27.424474,152.982223,partial,99
CCX-000008,FDR-SEQ-0005,REG-SEQ,Industrial Site 8,industrial,-27.980243,153.272578,unknown,78.3
CCX-000009,FDR-SEQ-0040,REG-SEQ,Hospital Site 9,hospital,-27.680362,153.050885,none,60.8
CCX-000010,FDR-SEQ-0026,REG-SEQ,Emergency Services Site 10,emergency_services,-27.084884,152.868104,full,68.6
CCX-000011,FDR-TSV-0086,REG-TSV,Water Pumping Site 11,water_pumping,-16.962209,145.679270,partial,78.6
CCX-000012,FDR--RW-0112,REG-RW,Hospital Site 12,hospital,-23.393006,144.212045,full,82.3
CCX-000013,FDR-SEQ-0033,REG-SEQ,Industrial Site 13,industrial,-27.575596,152.732793,none,78.0
CCX-000014,FDR-SEQ-0040,REG-SEQ,Emergency Services Site 14,emergency_services,-28.033719,153.318307,partial,43.5
CCX-000015,FDR-SEQ-0008,REG-SEQ,Airport Site 15,airport,-26.673518,152.911037,full,51.5
CCX-000016,FDR-SEQ-0015,REG-SEQ,Hospital Site 16,hospital,-26.578077,152.909621,partial,59.1
CCX-000017,FDR-SEQ-0025,REG-SEQ,Aged Care Site 17,aged_care,-27.420534,152.934755,partial,86.1
CCX-000018,FDR-CQI-0101,REG-CQI,Aged Care Site 18,aged_care,-23.795293,151.165836,none,74.4
CCX-000019,FDR-SEQ-0017,REG-SEQ,Emergency Services Site 19,emergency_services,-27.643703,153.061991,partial,64.7
CCX-000020,FDR-SEQ-0007,REG-SEQ,Water Pumping Site 20,water_pumping,-28.052563,153.266240,full,57.1
CCX-000021,FDR-SEQ-0001,REG-SEQ,School Site 21,school,-27.641182,153.045661,full,76.3
CCX-000022,FDR-SEQ-0022,REG-SEQ,Emergency Services Site 22,emergency_services,-27.435194,152.974557,full,73.0
CCX-000023,FDR-SEQ-0002,REG-SEQ,Hospital Site 23,hospital,-27.569430,152.747456,none,65.0
CCX-000024,FDR-SEQ-0005,REG-SEQ,Aged Care Site 24,aged_care,-27.615301,152.735430,none,83.8
CCX-000025,FDR-TSV-0087,REG-TSV,Hospital Site 25,hospital,-19.242718,146.734690,full,37.2
CCX-000026,FDR-SEQ-0007,REG-SEQ,Aged Care Site 26,aged_care,-27.064430,152.907460,unknown,79.5
CCX-000027,FDR-SEQ-0017,REG-SEQ,Aged Care Site 27,aged_care,-27.519566,152.983623,none,67.4
CCX-000028,FDR-SEQ-0007,REG-SEQ,Emergency Services Site 28,emergency_services,-27.655800,153.058675,full,60.7
CCX-000029,FDR-SEQ-0033,REG-SEQ,Emergency Services Site 29,emergency_services,-27.976273,153.354088,unknown,94.7
CCX-000030,FDR-SEQ-0025,REG-SEQ,Airport Site 30,airport,-27.605786,152.786846,none,73.6
CCX-000031,FDR-SEQ-0025,REG-SEQ,Hospital Site 31,hospital,-26.627464,152.893208,none,63.6
CCX-000032,FDR-SEQ-0020,REG-SEQ,Aged Care Site 32,aged_care,-27.637220,152.776652,partial,56.8
CCX-000033,FDR-SEQ-0032,REG-SEQ,Industrial Site 33,industrial,-27.134549,152.907811,partial,66.7
CCX-000034,FDR-CQI-0106,REG-CQI,Hospital Site 34,hospital,-23.793143,151.183389,unknown,54.9
CCX-000035,FDR-SEQ-0011,REG-SEQ,Hospital Site 35,hospital,-26.610228,152.971383,unknown,67.4
CCX-000036,FDR-TSV-0068,REG-TSV,Water Pumping Site 36,water_pumping,-17.566511,145.922785,full,94.3
CCX-000037,FDR-SEQ-0020,REG-SEQ,Airport Site 37,airport,-27.950895,153.278305,unknown,93.0
CCX-000038,FDR-SEQ-0039,REG-SEQ,Telecom Site 38,telecom,-27.617109,152.779810,full,71.1
CCX-000039,FDR-SEQ-0009,REG-SEQ,Water Pumping Site 39,water_pumping,-27.491153,152.932135,full,69.9
CCX-000040,FDR-SEQ-0018,REG-SEQ,School Site 40,school,-27.488719,153.030583,unknown,69.3
CCX-000041,FDR-SEQ-0030,REG-SEQ,Aged Care Site 41,aged_care,-27.621870,153.057369,unknown,71.9
CCX-000042,FDR-MKY-0044,REG-MKY,Emergency Services Site 42,emergency_services,-21.127693,149.067896,none,52.0
CCX-000043,FDR-SEQ-0010,REG-SEQ,Water Pumping Site 43,water_pumping,-27.051003,152.892413,partial,49.1
CCX-000044,FDR-CQI-0090,REG-CQI,Hospital Site 44,hospital,-23.546934,148.130813,partial,81.8
CCX-000045,FDR-SEQ-0021,REG-SEQ,Airport Site 45,airport,-26.644512,152.892398,unknown,29.9
CCX-000046,FDR-SEQ-0017,REG-SEQ,Industrial Site 46,industrial,-27.952345,153.300017,none,57.7
CCX-000047,FDR-SEQ-0008,REG-SEQ,Aged Care Site 47,aged_care,-26.627076,152.893268,full,72.4
CCX-000048,FDR-SEQ-0018,REG-SEQ,Industrial Site 48,industrial,-27.444110,153.036625,none,64.8
CCX-000049,FDR-SEQ-0003,REG-SEQ,Hospital Site 49,hospital,-27.991054,153.277800,none,62.8
CCX-000050,FDR-SEQ-0004,REG-SEQ,Water Pumping Site 50,water_pumping,-27.665684,152.734037,none,66.5
CCX-000051,FDR-SEQ-0005,REG-SEQ,Water Pumping Site 51,water_pumping,-27.624671,153.079576,full,91.0
CCX-000052,FDR-SEQ-0009,REG-SEQ,Hospital Site 52,hospital,-27.050206,152.892549,full,78.4
CCX-000053,FDR-SEQ-0021,REG-SEQ,Telecom Site 53,telecom,-27.622546,152.805667,none,83.9
CCX-000054,FDR-SEQ-0022,REG-SEQ,Emergency Services Site 54,emergency_services,-28.003147,153.266507,unknown,81.9
CCX-000055,FDR-SEQ-0021,REG-SEQ,Emergency Services Site 55,emergency_services,-27.624827,152.711249,unknown,59.9
CCX-000056,FDR-SEQ-0007,REG-SEQ,Industrial Site 56,industrial,-27.969676,153.280086,partial,67.6
CCX-000057,FDR-SEQ-0026,REG-SEQ,Emergency Services Site 57,emergency_services,-27.670038,152.801173,none,37.5
CCX-000058,FDR-SEQ-0040,REG-SEQ,Telecom Site 58,telecom,-28.066686,153.252398,none,74.6
CCX-000059,FDR-SEQ-0017,REG-SEQ,Telecom Site 59,telecom,-27.431656,152.992561,unknown,76.3
CCX-000060,FDR-SEQ-0032,REG-SEQ,Emergency Services Site 60,emergency_services,-27.687071,153.077796,unknown,42.9
CCX-000061,FDR-CQI-0103,REG-CQI,Aged Care Site 61,aged_care,-23.807365,151.215071,unknown,91.7
CCX-000062,FDR-SEQ-0015,REG-SEQ,Industrial Site 62,industrial,-27.125414,152.972053,full,57.8
CCX-000063,FDR-SEQ-0027,REG-SEQ,Airport Site 63,airport,-27.613910,153.126574,none,75.6
CCX-000064,FDR-SEQ-0032,REG-SEQ,Hospital Site 64,hospital,-27.586275,153.117774,full,78.2
CCX-000065,FDR-SEQ-0013,REG-SEQ,Telecom Site 65,telecom,-27.501925,153.000227,unknown,52.1
CCX-000066,FDR-SEQ-0019,REG-SEQ,Industrial Site 66,industrial,-27.093183,152.938189,none,67.9
CCX-000067,FDR-SEQ-0033,REG-SEQ,Emergency Services Site 67,emergency_services,-26.620727,152.895687,full,78.4
CCX-000068,FDR-SEQ-0041,REG-SEQ,Aged Care Site 68,aged_care,-26.664238,152.951575,full,51.6
CCX-000069,FDR-SEQ-0018,REG-SEQ,Airport Site 69,airport,-27.667893,152.814617,full,48.6
CCX-000070,FDR-SEQ-0026,REG-SEQ,Telecom Site 70,telecom,-28.032520,153.276077,none,99
CCX-000071,FDR-SEQ-0010,REG-SEQ,Hospital Site 71,hospital,-27.443955,152.987837,partial,49.9
CCX-000072,FDR-SEQ-0008,REG-SEQ,Emergency Services Site 72,emergency_services,-28.050878,153.291142,partial,68.7
CCX-000073,FDR-SEQ-0034,REG-SEQ,Industrial Site 73,industrial,-27.069522,152.977301,partial,91.3
CCX-000074,FDR-SEQ-0007,REG-SEQ,Industrial Site 74,industrial,-27.603644,152.812607,unknown,27.8
CCX-000075,FDR-CQI-0102,REG-CQI,Aged Care Site 75,aged_care,-23.832873,151.167848,none,89.7
CCX-000076,FDR-SEQ-0039,REG-SEQ,Airport Site 76,airport,-27.666692,152.766307,unknown,74.1
CCX-000077,FDR-SEQ-0007,REG-SEQ,Airport Site 77,airport,-27.464333,152.944536,partial,59.9
CCX-000078,FDR-SEQ-0025,REG-SEQ,Hospital Site 78,hospital,-27.595751,152.813344,full,64.1
CCX-000079,FDR-SEQ-0038,REG-SEQ,Industrial Site 79,industrial,-27.950036,153.301903,none,72.1
CCX-000080,FDR-SEQ-0031,REG-SEQ,Aged Care Site 80,aged_care,-27.650945,152.798243,none,65.5
CCX-000081,FDR-SEQ-0018,REG-SEQ,Water Pumping Site 81,water_pumping,-26.623975,152.870681,none,86.4
CCX-000082,FDR-SEQ-0016,REG-SEQ,Airport Site 82,airport,-27.630543,153.050295,none,94.4
CCX-000083,FDR-TSV-0067,REG-TSV,Emergency Services Site 83,emergency_services,-16.942223,145.688959,none,68.7
CCX-000084,FDR-SEQ-0021,REG-SEQ,Water Pumping Site 84,water_pumping,-27.507849,153.008394,unknown,58.3
CCX-000085,FDR-SEQ-0005,REG-SEQ,Aged Care Site 85,aged_care,-27.068545,152.919416,unknown,72.0
CCX-000086,FDR-SEQ-0010,REG-SEQ,Aged Care Site 86,aged_care,-27.436029,153.039498,partial,78.5
CCX-000087,FDR-SEQ-0022,REG-SEQ,Airport Site 87,airport,-27.951620,153.278037,partial,76.6
CCX-000088,FDR-SEQ-0013,REG-SEQ,Water Pumping Site 88,water_pumping,-27.475986,152.987692,none,77.0
CCX-000089,FDR-SEQ-0005,REG-SEQ,Industrial Site 89,industrial,-27.608591,152.787041,full,59.9
CCX-000090,FDR-SEQ-0008,REG-SEQ,Aged Care Site 90,aged_care,-27.951431,153.280723,none,54.1
CCX-000091,FDR-SEQ-0030,REG-SEQ,Water Pumping Site 91,water_pumping,-27.987499,153.293427,unknown,66.6
CCX-000092,FDR-SEQ-0020,REG-SEQ,Telecom Site 92,telecom,-27.668306,153.026375,none,56.6
CCX-000093,FDR-SEQ-0035,REG-SEQ,Airport Site 93,airport,-27.630714,153.026694,full,83.8
CCX-000094,FDR-CQI-0090,REG-CQI,Industrial Site 94,industrial,-23.405484,150.414222,partial,81.4
CCX-000095,FDR-SEQ-0039,REG-SEQ,Hospital Site 95,hospital,-27.612373,153.026050,full,81.9
CCX-000096,FDR-TSV-0076,REG-TSV,Aged Care Site 96,aged_care,-17.569437,145.903919,unknown,74.5
CCX-000097,FDR-SEQ-0025,REG-SEQ,Airport Site 97,airport,-27.429188,152.977081,partial,58.3
CCX-000098,FDR-SEQ-0034,REG-SEQ,Airport Site 98,airport,-27.034601,152.968033,partial,55.7
CCX-000099,FDR-TSV-0068,REG-TSV,Hospital Site 99,hospital,-16.889389,145.685019,unknown,70.4
CCX-000100,FDR-SEQ-0010,REG-SEQ,Airport Site 100,airport,-27.085628,152.867779,none,73.5
CCX-000101,FDR-SEQ-0025,REG-SEQ,Water Pumping Site 101,water_pumping,-27.122054,152.932482,partial,89.1
CCX-000102,FDR-SEQ-0025,REG-SEQ,Aged Care Site 102,aged_care,-26.623643,152.865818,none,68.8
CCX-000103,FDR-SEQ-0006,REG-SEQ,Airport Site 103,airport,-26.648516,152.894473,partial,65.6
CCX-000104,FDR-MKY-0049,REG-MKY,Water Pumping Site 104,water_pumping,-20.427590,148.591120,none,55.7
CCX-000105,FDR-SEQ-0020,REG-SEQ,Hospital Site 105,hospital,-27.450123,152.995052,full,71.8
CCX-000106,FDR-SEQ-0020,REG-SEQ,Emergency Services Site 106,emergency_services,-26.673274,152.904679,full,37.9
CCX-000107,FDR-SEQ-0006,REG-SEQ,Aged Care Site 107,aged_care,-27.508047,153.035737,partial,83.4
CCX-000108,FDR-SEQ-0011,REG-SEQ,Emergency Services Site 108,emergency_services,-27.999965,153.262329,none,84.7
CCX-000109,FDR-SEQ-0012,REG-SEQ,Aged Care Site 109,aged_care,-27.426378,153.025632,none,86.3
CCX-000110,FDR-SEQ-0039,REG-SEQ,Aged Care Site 110,aged_care,-27.501661,153.031747,none,69.6
CCX-000111,FDR-SEQ-0033,REG-SEQ,Emergency Services Site 111,emergency_services,-27.599216,152.810022,full,71.8
CCX-000112,FDR-SEQ-0011,REG-SEQ,Hospital Site 112,hospital,-26.646306,152.948177,unknown,85.1
CCX-000113,FDR-SEQ-0009,REG-SEQ,Telecom Site 113,telecom,-27.463073,152.952791,unknown,60.8
CCX-000114,FDR-SEQ-0017,REG-SEQ,Hospital Site 114,hospital,-27.627989,152.747590,none,50.9
CCX-000115,FDR-SEQ-0034,REG-SEQ,Airport Site 115,airport,-27.481742,153.028074,none,87.2
CCX-000116,FDR-SEQ-0025,REG-SEQ,Telecom Site 116,telecom,-27.507996,152.965067,full,88.6
CCX-000117,FDR-SEQ-0030,REG-SEQ,Telecom Site 117,telecom,-27.691438,153.120164,unknown,69.8
CCX-000118,FDR-SEQ-0030,REG-SEQ,Aged Care Site 118,aged_care,-26.668070,152.965953,unknown,81.0
CCX-000119,FDR-SEQ-0035,REG-SEQ,Aged Care Site 119,aged_care,-27.951774,153.277980,none,54.8
CCX-000120,FDR-SEQ-0030,REG-SEQ,Industrial Site 120,industrial,-27.674199,153.079564,unknown,83.1
CCX-000121,FDR-MKY-0043,REG-MKY,Telecom Site 121,telecom,-20.403654,148.517256,none,87.4
CCX-000122,FDR-SEQ-0034,REG-SEQ,Hospital Site 122,hospital,-28.037907,153.280803,full,99
CCX-000123,FDR-SEQ-0010,REG-SEQ,Hospital Site 123,hospital,-27.663218,153.102974,full,60.4
CCX-000124,FDR-SEQ-0022,REG-SEQ,Airport Site 124,airport,-27.661722,152.723050,unknown,50.9
CCX-000125,FDR-SEQ-0001,REG-SEQ,Emergency Services Site 125,emergency_services,-27.673240,153.096430,full,75.5
CCX-000126,FDR-SEQ-0020,REG-SEQ,Telecom Site 126,telecom,-28.050045,153.356090,none,89.9
CCX-000127,FDR-TSV-0085,REG-TSV,Industrial Site 127,industrial,-19.252358,146.752325,none,62.5
CCX-000128,FDR-SEQ-0017,REG-SEQ,Aged Care Site 128,aged_care,-27.476325,153.026390,full,32.2
CCX-000129,FDR-TSV-0083,REG-TSV,Industrial Site 129,industrial,-19.253346,146.787558,none,87.6
CCX-000130,FDR-SEQ-0018,REG-SEQ,Industrial Site 130,industrial,-27.413021,152.942849,unknown,61.4
CCX-000131,FDR-SEQ-0025,REG-SEQ,Airport Site 131,airport,-26.658331,152.904400,partial,84.4
CCX-000132,FDR-TSV-0074,REG-TSV,Telecom Site 132,telecom,-17.525604,145.943482,unknown,64.8
CCX-000133,FDR-SEQ-0005,REG-SEQ,Hospital Site 133,hospital,-27.085460,152.867852,none,63.0
CCX-000134,FDR-SEQ-0030,REG-SEQ,Aged Care Site 134,aged_care,-26.622422,152.866315,partial,50.5
CCX-000135,FDR-SEQ-0015,REG-SEQ,Industrial Site 135,industrial,-27.589693,153.123724,unknown,77.3
CCX-000136,FDR-SEQ-0017,REG-SEQ,Telecom Site 136,telecom,-27.644189,152.772130,unknown,94.9
CCX-000137,FDR-SEQ-0005,REG-SEQ,Hospital Site 137,hospital,-26.580705,152.913366,unknown,49.4
CCX-000138,FDR-SEQ-0018,REG-SEQ,Water Pumping Site 138,water_pumping,-27.418562,153.036630,none,80.4
CCX-000139,FDR-SEQ-0023,REG-SEQ,Aged Care Site 139,aged_care,-27.680309,153.121099,none,65.4
CCX-000140,FDR-MKY-0063,REG-MKY,Emergency Services Site 140,emergency_services,-19.999900,148.169639,full,46.0
CCX-000141,FDR-MKY-0056,REG-MKY,Water Pumping Site 141,water_pumping,-20.352160,148.518153,full,70.3
CCX-000142,FDR-SEQ-0004,REG-SEQ,Emergency Services Site 142,emergency_services,-27.640006,152.730223,unknown,84.3
CCX-000143,FDR-SEQ-0027,REG-SEQ,Aged Care Site 143,aged_care,-27.657147,153.065527,unknown,60.5
CCX-000144,FDR-SEQ-0005,REG-SEQ,Airport Site 144,airport,-28.046696,153.303105,none,88.1
CCX-000145,FDR-SEQ-0040,REG-SEQ,Telecom Site 145,telecom,-27.650424,152.749476,none,81.4
CCX-000146,FDR-SEQ-0042,REG-SEQ,Telecom Site 146,telecom,-27.627149,152.798657,unknown,68.7
CCX-000147,FDR-SEQ-0012,REG-SEQ,Hospital Site 147,hospital,-27.985379,153.346004,none,54.4
CCX-000148,FDR-SEQ-0003,REG-SEQ,Hospital Site 148,hospital,-27.609608,153.067606,none,85.8
CCX-000149,FDR-SEQ-0018,REG-SEQ,Telecom Site 149,telecom,-26.622867,152.873357,full,71.1
CCX-000150,FDR-SEQ-0001,REG-SEQ,Emergency Services Site 150,emergency_services,-27.621846,153.072695,none,62.0
CCX-000151,FDR-SEQ-0019,REG-SEQ,Aged Care Site 151,aged_care,-27.667545,153.087218,full,53.1
CCX-000152,FDR-CQI-0092,REG-CQI,Airport Site 152,airport,-23.832535,151.167924,unknown,51.9
CCX-000153,FDR-SEQ-0010,REG-SEQ,Emergency Services Site 153,emergency_services,-27.976056,153.336930,unknown,52.3
CCX-000154,FDR-TSV-0067,REG-TSV,Emergency Services Site 154,emergency_services,-17.566196,145.925816,full,66.0
CCX-000155,FDR-SEQ-0038,REG-SEQ,Airport Site 155,airport,-26.573834,152.924088,partial,94.8
CCX-000156,FDR-SEQ-0034,REG-SEQ,Hospital Site 156,hospital,-26.623686,152.866040,full,67.5
CCX-000157,FDR-SEQ-0013,REG-SEQ,Emergency Services Site 157,emergency_services,-27.507431,153.031442,unknown,48.2
CCX-000158,FDR-SEQ-0009,REG-SEQ,Airport Site 158,airport,-27.493147,153.006906,full,82.6
CCX-000159,FDR-SEQ-0024,REG-SEQ,Industrial Site 159,industrial,-27.660715,153.076808,partial,83.7
CCX-000160,FDR-CQI-0090,REG-CQI,Telecom Site 160,telecom,-23.372698,150.402166,partial,85.3
CCX-000161,FDR-SEQ-0025,REG-SEQ,Water Pumping Site 161,water_pumping,-27.050911,152.892429,partial,72.6
CCX-000162,FDR-MKY-0056,REG-MKY,Hospital Site 162,hospital,-20.432645,148.591357,partial,58.8
CCX-000163,FDR-SEQ-0005,REG-SEQ,Airport Site 163,airport,-27.951046,153.278249,partial,52.7
CCX-000164,FDR-SEQ-0014,REG-SEQ,Aged Care Site 164,aged_care,-27.662804,152.758433,full,80.2
CCX-000165,FDR-SEQ-0034,REG-SEQ,Emergency Services Site 165,emergency_services,-27.572778,152.805063,full,79.6
CCX-000166,FDR--RW-0118,REG-RW,Telecom Site 166,telecom,-26.410419,146.204601,unknown,77.0
CCX-000167,FDR-SEQ-0007,REG-SEQ,Aged Care Site 167,aged_care,-27.073085,152.912996,full,56.9
CCX-000168,FDR-SEQ-0034,REG-SEQ,Water Pumping Site 168,water_pumping,-27.054690,152.955636,partial,51.6
CCX-000169,FDR-SEQ-0022,REG-SEQ,School Site 169,school,-28.039751,153.270753,full,78.8
CCX-000170,FDR-SEQ-0042,REG-SEQ,School Site 170,school,-27.459737,153.010249,none,78.9
CCX-000171,FDR-SEQ-0010,REG-SEQ,Water Pumping Site 171,water_pumping,-27.090618,152.933513,partial,65.6
CCX-000172,FDR-SEQ-0042,REG-SEQ,Emergency Services Site 172,emergency_services,-27.480687,152.963861,none,61.9
CCX-000173,FDR-SEQ-0033,REG-SEQ,Water Pumping Site 173,water_pumping,-27.642347,153.115768,unknown,82.4
CCX-000174,FDR-SEQ-0035,REG-SEQ,Aged Care Site 174,aged_care,-27.054913,152.899624,partial,58.8
CCX-000175,FDR-SEQ-0037,REG-SEQ,Hospital Site 175,hospital,-27.123239,152.934358,partial,75.0
CCX-000176,FDR-SEQ-0026,REG-SEQ,Emergency Services Site 176,emergency_services,-27.637316,152.752761,full,70.5
CCX-000177,FDR-MKY-0047,REG-MKY,Hospital Site 177,hospital,-20.066026,148.206083,partial,79.4
CCX-000178,FDR-CQI-0106,REG-CQI,Hospital Site 178,hospital,-23.564929,148.165728,full,73.7
CCX-000179,FDR-SEQ-0028,REG-SEQ,Aged Care Site 179,aged_care,-27.637613,152.802475,partial,44.0
CCX-000180,FDR-SEQ-0028,REG-SEQ,Emergency Services Site 180,emergency_services,-27.052654,152.902457,partial,62.4
CCX-000181,FDR-SEQ-0035,REG-SEQ,Hospital Site 181,hospital,-27.592233,153.051554,full,64.5
CCX-000182,FDR-SEQ-0040,REG-SEQ,Telecom Site 182,telecom,-27.072136,152.928524,unknown,81.1
CCX-000183,FDR-SEQ-0033,REG-SEQ,Emergency Services Site 183,emergency_services,-27.608940,153.133111,none,82.5
CCX-000184,FDR-SEQ-0034,REG-SEQ,Telecom Site 184,telecom,-27.687529,153.024931,full,64.9
CCX-000185,FDR-SEQ-0006,REG-SEQ,School Site 185,school,-27.455533,153.022904,none,53.5
CCX-000186,FDR-SEQ-0022,REG-SEQ,Hospital Site 186,hospital,-27.999926,153.262404,full,70.2
CCX-000187,FDR-SEQ-0006,REG-SEQ,Water Pumping Site 187,water_pumping,-28.012870,153.289987,unknown,83.0
CCX-000188,FDR-SEQ-0020,REG-SEQ,Telecom Site 188,telecom,-27.455119,153.007756,partial,51.0
CCX-000189,FDR-MKY-0063,REG-MKY,Hospital Site 189,hospital,-20.404402,148.517725,partial,72.2
CCX-000190,FDR-SEQ-0010,REG-SEQ,Hospital Site 190,hospital,-27.463545,152.935469,none,68.5
CCX-000191,FDR-SEQ-0004,REG-SEQ,Emergency Services Site 191,emergency_services,-27.647626,153.054911,partial,86.9
CCX-000192,FDR-SEQ-0040,REG-SEQ,Emergency Services Site 192,emergency_services,-27.614781,153.026012,unknown,58.9
CCX-000193,FDR-SEQ-0033,REG-SEQ,Industrial Site 193,industrial,-27.999963,153.262332,none,99
CCX-000194,FDR-SEQ-0026,REG-SEQ,Hospital Site 194,hospital,-27.067720,152.921663,full,66.0
CCX-000195,FDR-SEQ-0027,REG-SEQ,Emergency Services Site 195,emergency_services,-28.056425,153.257616,unknown,51.2
CCX-000196,FDR-SEQ-0011,REG-SEQ,School Site 196,school,-27.999527,153.263183,full,78.0
CCX-000197,FDR-SEQ-0020,REG-SEQ,Emergency Services Site 197,emergency_services,-27.500428,152.987717,none,70.0
CCX-000198,FDR-SEQ-0034,REG-SEQ,Emergency Services Site 198,emergency_services,-27.603891,153.129903,unknown,40.9
CCX-000199,FDR-SEQ-0009,REG-SEQ,Aged Care Site 199,aged_care,-26.595988,152.891737,partial,51.5
CCX-000200,FDR-SEQ-0026,REG-SEQ,Telecom Site 200,telecom,-27.951090,153.278233,none,40.2
CCX-000201,FDR-TSV-0067,REG-TSV,Industrial Site 201,industrial,-17.522750,145.907830,full,77.4
CCX-000202,FDR-SEQ-0010,REG-SEQ,Emergency Services Site 202,emergency_services,-27.630741,152.769738,unknown,50.0
CCX-000203,FDR-SEQ-0005,REG-SEQ,Telecom Site 203,telecom,-27.685228,153.129703,full,39.8
CCX-000204,FDR-SEQ-0011,REG-SEQ,Hospital Site 204,hospital,-27.437237,152.964458,unknown,45.6
CCX-000205,FDR-SEQ-0039,REG-SEQ,Airport Site 205,airport,-27.617045,153.131719,none,82.4
CCX-000206,FDR-SEQ-0023,REG-SEQ,Industrial Site 206,industrial,-27.653192,152.745381,full,81.0
CCX-000207,FDR-TSV-0078,REG-TSV,Aged Care Site 207,aged_care,-19.264651,146.714623,partial,71.4
CCX-000208,FDR-TSV-0072,REG-TSV,School Site 208,school,-19.309164,146.751241,full,83.2
CCX-000209,FDR-SEQ-0005,REG-SEQ,Hospital Site 209,hospital,-27.954577,153.280623,partial,65.3
CCX-000210,FDR-CQI-0094,REG-CQI,Telecom Site 210,telecom,-23.547216,148.141654,partial,99
CCX-000211,FDR-SEQ-0012,REG-SEQ,Airport Site 211,airport,-26.638611,152.961379,partial,96.2
CCX-000212,FDR-SEQ-0012,REG-SEQ,Telecom Site 212,telecom,-27.980321,153.273013,partial,59.8
CCX-000213,FDR-SEQ-0008,REG-SEQ,Emergency Services Site 213,emergency_services,-27.646661,152.709396,unknown,78.2
CCX-000214,FDR-SEQ-0005,REG-SEQ,Airport Site 214,airport,-27.463293,153.008997,partial,36.7
CCX-000215,FDR-SEQ-0041,REG-SEQ,Industrial Site 215,industrial,-27.585371,152.800303,unknown,69.1
CCX-000216,FDR-CQI-0102,REG-CQI,School Site 216,school,-23.818159,151.240123,full,70.3
CCX-000217,FDR-MKY-0061,REG-MKY,Aged Care Site 217,aged_care,-20.447130,148.588218,unknown,54.3
CCX-000218,FDR-SEQ-0033,REG-SEQ,Hospital Site 218,hospital,-26.596027,152.891683,full,82.4
CCX-000219,FDR-SEQ-0015,REG-SEQ,Telecom Site 219,telecom,-27.641732,153.091939,unknown,68.3
CCX-000220,FDR-SEQ-0027,REG-SEQ,Airport Site 220,airport,-27.999858,153.262536,none,93.2
CCX-000221,FDR-SEQ-0042,REG-SEQ,Airport Site 221,airport,-27.669190,152.789258,unknown,77.9
CCX-000222,FDR-SEQ-0012,REG-SEQ,Emergency Services Site 222,emergency_services,-28.052964,153.296186,none,61.4
CCX-000223,FDR-TSV-0084,REG-TSV,Industrial Site 223,industrial,-19.293217,146.808919,none,61.3
CCX-000224,FDR-SEQ-0004,REG-SEQ,Aged Care Site 224,aged_care,-27.588031,152.810359,partial,45.8
CCX-000225,FDR-SEQ-0039,REG-SEQ,Industrial Site 225,industrial,-27.516855,152.933024,none,51.5
CCX-000226,FDR-SEQ-0024,REG-SEQ,Telecom Site 226,telecom,-27.631024,153.026147,none,86.8
CCX-000227,FDR-SEQ-0008,REG-SEQ,Hospital Site 227,hospital,-27.093154,152.965862,none,79.8
CCX-000228,FDR-SEQ-0016,REG-SEQ,Emergency Services Site 228,emergency_services,-27.639917,152.760157,partial,62.5
CCX-000229,FDR-SEQ-0035,REG-SEQ,School Site 229,school,-27.588624,153.122737,unknown,65.3
CCX-000230,FDR-SEQ-0009,REG-SEQ,Aged Care Site 230,aged_care,-27.103422,152.903453,full,52.8
CCX-000231,FDR-SEQ-0030,REG-SEQ,Emergency Services Site 231,emergency_services,-27.693892,153.035532,unknown,76.6
CCX-000232,FDR-SEQ-0033,REG-SEQ,Aged Care Site 232,aged_care,-27.439844,152.966145,none,62.6
CCX-000233,FDR-SEQ-0037,REG-SEQ,Telecom Site 233,telecom,-27.605695,153.130435,full,64.9
CCX-000234,FDR-TSV-0087,REG-TSV,Hospital Site 234,hospital,-19.265485,146.714506,full,95.7
CCX-000235,FDR-SEQ-0005,REG-SEQ,Hospital Site 235,hospital,-26.599694,152.907709,full,64.4
CCX-000236,FDR-MKY-0060,REG-MKY,Airport Site 236,airport,-20.404499,148.516688,unknown,70.9
CCX-000237,FDR-SEQ-0004,REG-SEQ,Emergency Services Site 237,emergency_services,-27.085477,152.867844,full,41.0
CCX-000238,FDR-SEQ-0018,REG-SEQ,Hospital Site 238,hospital,-27.687236,153.054039,full,46.9
CCX-000239,FDR--RW-0112,REG-RW,Water Pumping Site 239,water_pumping,-26.531850,148.811495,full,74.4
CCX-000240,FDR-SEQ-0033,REG-SEQ,Aged Care Site 240,aged_care,-27.450482,152.978512,unknown,65.9
CCX-000241,FDR-SEQ-0010,REG-SEQ,Aged Care Site 241,aged_care,-27.616549,152.813512,full,69.1
CCX-000242,FDR-SEQ-0001,REG-SEQ,Emergency Services Site 242,emergency_services,-27.689863,153.096636,partial,51.2
CCX-000243,FDR-SEQ-0009,REG-SEQ,Hospital Site 243,hospital,-28.054855,153.307041,none,80.4
CCX-000244,FDR-SEQ-0005,REG-SEQ,Emergency Services Site 244,emergency_services,-26.673027,152.905321,full,73.8
CCX-000245,FDR-SEQ-0018,REG-SEQ,Telecom Site 245,telecom,-27.991132,153.336124,partial,87.8
CCX-000246,FDR-SEQ-0042,REG-SEQ,Telecom Site 246,telecom,-27.038613,152.902386,partial,65.9
CCX-000247,FDR-SEQ-0007,REG-SEQ,Aged Care Site 247,aged_care,-26.593950,152.925678,full,80.3
CCX-000248,FDR-TSV-0077,REG-TSV,Airport Site 248,airport,-16.897337,145.756112,full,69.9
CCX-000249,FDR-MKY-0056,REG-MKY,Aged Care Site 249,aged_care,-21.095997,149.098968,partial,68.9
CCX-000250,FDR-SEQ-0012,REG-SEQ,Emergency Services Site 250,emergency_services,-27.991885,153.332303,unknown,44.7
CCX-000251,FDR-SEQ-0005,REG-SEQ,Hospital Site 251,hospital,-27.671325,153.052591,unknown,78.5
CCX-000252,FDR-SEQ-0025,REG-SEQ,Emergency Services Site 252,emergency_services,-27.088068,152.878496,unknown,81.8
CCX-000253,FDR-SEQ-0007,REG-SEQ,Aged Care Site 253,aged_care,-28.031983,153.282122,none,61.8
CCX-000254,FDR-SEQ-0008,REG-SEQ,Airport Site 254,airport,-27.613057,153.127758,unknown,47.6
CCX-000255,FDR-SEQ-0026,REG-SEQ,Airport Site 255,airport,-26.596445,152.891111,full,72.8
CCX-000256,FDR-TSV-0071,REG-TSV,Aged Care Site 256,aged_care,-16.869794,145.755426,none,74.2
CCX-000257,FDR-SEQ-0040,REG-SEQ,Airport Site 257,airport,-28.053942,153.265884,none,99
CCX-000258,FDR-SEQ-0003,REG-SEQ,Emergency Services Site 258,emergency_services,-27.601700,152.770164,full,48.1
CCX-000259,FDR-MKY-0043,REG-MKY,Hospital Site 259,hospital,-20.390467,148.537417,full,90.1
CCX-000260,FDR-SEQ-0013,REG-SEQ,Water Pumping Site 260,water_pumping,-27.679496,153.048296,unknown,68.8
CCX-000261,FDR-TSV-0080,REG-TSV,Hospital Site 261,hospital,-17.565631,145.956395,full,63.7
CCX-000262,FDR-SEQ-0014,REG-SEQ,Airport Site 262,airport,-27.517816,153.035610,unknown,81.9
CCX-000263,FDR-SEQ-0013,REG-SEQ,Emergency Services Site 263,emergency_services,-27.564358,152.717312,none,65.2
CCX-000264,FDR-SEQ-0005,REG-SEQ,Airport Site 264,airport,-27.437364,153.013927,full,86.1
CCX-000265,FDR-SEQ-0040,REG-SEQ,Hospital Site 265,hospital,-27.522394,152.976518,none,83.5
CCX-000266,FDR-SEQ-0024,REG-SEQ,School Site 266,school,-27.680855,153.105530,partial,66.1
CCX-000267,FDR-SEQ-0007,REG-SEQ,Airport Site 267,airport,-27.646362,152.704837,unknown,71.5
CCX-000268,FDR-SEQ-0018,REG-SEQ,Telecom Site 268,telecom,-27.442158,152.963056,full,58.4
CCX-000269,FDR-SEQ-0033,REG-SEQ,Telecom Site 269,telecom,-27.507353,153.032345,unknown,85.5
CCX-000270,FDR-SEQ-0017,REG-SEQ,Telecom Site 270,telecom,-27.673226,153.128313,none,44.1
CCX-000271,FDR-CQI-0099,REG-CQI,Aged Care Site 271,aged_care,-23.405257,150.418151,none,68.2
CCX-000272,FDR-SEQ-0023,REG-SEQ,Aged Care Site 272,aged_care,-27.470305,152.941607,unknown,64.2
CCX-000273,FDR-SEQ-0020,REG-SEQ,Airport Site 273,airport,-27.134481,152.970014,full,99
CCX-000274,FDR-SEQ-0041,REG-SEQ,Hospital Site 274,hospital,-28.019339,153.333805,full,80.0
CCX-000275,FDR-CQI-0097,REG-CQI,School Site 275,school,-23.367099,150.421845,none,65.1
CCX-000276,FDR-SEQ-0033,REG-SEQ,Airport Site 276,airport,-27.679922,153.121851,unknown,83.7
CCX-000277,FDR-SEQ-0008,REG-SEQ,Airport Site 277,airport,-27.977235,153.281187,partial,82.3
CCX-000278,FDR-SEQ-0007,REG-SEQ,Industrial Site 278,industrial,-26.574007,152.968329,none,64.6
CCX-000279,FDR-SEQ-0033,REG-SEQ,School Site 279,school,-27.618169,153.059725,none,95.3
CCX-000280,FDR-TSV-0077,REG-TSV,Aged Care Site 280,aged_care,-17.036398,145.469405,unknown,49.5
CCX-000281,FDR-SEQ-0005,REG-SEQ,Emergency Services Site 281,emergency_services,-28.044092,153.264505,none,88.7
CCX-000282,FDR-SEQ-0011,REG-SEQ,Industrial Site 282,industrial,-28.067296,153.252682,none,49.6
CCX-000283,FDR-SEQ-0022,REG-SEQ,Airport Site 283,airport,-27.983039,153.276735,none,80.9
CCX-000284,FDR-CQI-0099,REG-CQI,Emergency Services Site 284,emergency_services,-23.796382,151.160279,partial,87.0
CCX-000285,FDR-SEQ-0032,REG-SEQ,Hospital Site 285,hospital,-27.598068,152.711802,unknown,76.0
CCX-000286,FDR-SEQ-0021,REG-SEQ,Emergency Services Site 286,emergency_services,-27.629185,152.720460,none,76.7
CCX-000287,FDR-SEQ-0018,REG-SEQ,Aged Care Site 287,aged_care,-27.586948,153.092547,full,72.7
CCX-000288,FDR-TSV-0065,REG-TSV,School Site 288,school,-19.239375,146.803812,partial,79.5
CCX-000289,FDR-SEQ-0025,REG-SEQ,Airport Site 289,airport,-27.084938,152.868080,partial,99
CCX-000290,FDR-SEQ-0024,REG-SEQ,Telecom Site 290,telecom,-27.419324,152.953040,full,60.5
CCX-000291,FDR-SEQ-0025,REG-SEQ,Industrial Site 291,industrial,-27.068158,152.963953,partial,40.3
CCX-000292,FDR-SEQ-0006,REG-SEQ,Emergency Services Site 292,emergency_services,-27.672649,153.116252,unknown,84.3
CCX-000293,FDR-SEQ-0021,REG-SEQ,Emergency Services Site 293,emergency_services,-27.039566,152.903556,none,95.3
CCX-000294,FDR-SEQ-0040,REG-SEQ,Hospital Site 294,hospital,-27.437497,152.984795,partial,72.6
CCX-000295,FDR-SEQ-0041,REG-SEQ,Emergency Services Site 295,emergency_services,-28.052193,153.343503,unknown,57.2
CCX-000296,FDR-MKY-0057,REG-MKY,Telecom Site 296,telecom,-20.393044,148.591309,full,66.0
CCX-000297,FDR-SEQ-0007,REG-SEQ,Hospital Site 297,hospital,-28.005449,153.330829,unknown,63.6
CCX-000298,FDR-SEQ-0027,REG-SEQ,Airport Site 298,airport,-26.622644,152.917977,full,57.2
CCX-000299,FDR-SEQ-0023,REG-SEQ,Emergency Services Site 299,emergency_services,-27.951821,153.277962,partial,56.2
CCX-000300,FDR-SEQ-0005,REG-SEQ,Telecom Site 300,telecom,-27.510599,153.032224,partial,55.2
CCX-000301,FDR-SEQ-0020,REG-SEQ,Industrial Site 301,industrial,-27.633292,152.778252,none,68.7
CCX-000302,FDR-SEQ-0040,REG-SEQ,Hospital Site 302,hospital,-28.009669,153.294748,full,60.2
CCX-000303,FDR-SEQ-0023,REG-SEQ,Telecom Site 303,telecom,-27.111776,152.972299,none,65.2
CCX-000304,FDR-TSV-0076,REG-TSV,Telecom Site 304,telecom,-16.921278,145.688819,partial,46.8
CCX-000305,FDR-SEQ-0042,REG-SEQ,Aged Care Site 305,aged_care,-27.062186,152.919310,full,68.7
CCX-000306,FDR-SEQ-0030,REG-SEQ,Industrial Site 306,industrial,-27.608496,152.777287,partial,97.4
CCX-000307,FDR-TSV-0067,REG-TSV,Water Pumping Site 307,water_pumping,-16.875829,145.676828,none,87.3
CCX-000308,FDR-SEQ-0011,REG-SEQ,Airport Site 308,airport,-27.582592,152.813451,partial,80.8
CCX-000309,FDR-SEQ-0026,REG-SEQ,Airport Site 309,airport,-28.048983,153.313036,unknown,70.2
CCX-000310,FDR-CQI-0094,REG-CQI,Hospital Site 310,hospital,-23.472447,148.171931,partial,56.7
CCX-000311,FDR-SEQ-0027,REG-SEQ,Water Pumping Site 311,water_pumping,-27.642350,153.087532,full,60.2
CCX-000312,FDR-CQI-0090,REG-CQI,Emergency Services Site 312,emergency_services,-23.389585,150.462986,partial,50.0
CCX-000313,FDR-CQI-0099,REG-CQI,School Site 313,school,-23.408250,150.496858,partial,72.1
CCX-000314,FDR-SEQ-0033,REG-SEQ,Industrial Site 314,industrial,-27.999296,153.291742,partial,72.9
CCX-000315,FDR-SEQ-0022,REG-SEQ,Airport Site 315,airport,-27.693984,153.037013,unknown,78.4
CCX-000316,FDR-SEQ-0022,REG-SEQ,Emergency Services Site 316,emergency_services,-27.453151,152.993518,partial,76.3
CCX-000317,FDR-SEQ-0023,REG-SEQ,Airport Site 317,airport,-28.016618,153.331765,partial,65.5
CCX-000318,FDR-SEQ-0007,REG-SEQ,Hospital Site 318,hospital,-27.980427,153.272398,none,69.7
CCX-000319,FDR-SEQ-0023,REG-SEQ,Emergency Services Site 319,emergency_services,-27.984887,153.300206,unknown,84.9
CCX-000320,FDR-SEQ-0040,REG-SEQ,Airport Site 320,airport,-27.589547,153.041694,partial,60.7
CCX-000321,FDR-SEQ-0012,REG-SEQ,Industrial Site 321,industrial,-27.452430,152.937461,partial,85.9
CCX-000322,FDR-SEQ-0004,REG-SEQ,Water Pumping Site 322,water_pumping,-27.683411,153.058424,none,82.3
CCX-000323,FDR-CQI-0095,REG-CQI,Hospital Site 323,hospital,-23.319519,150.416878,full,53.5
CCX-000324,FDR-SEQ-0017,REG-SEQ,Aged Care Site 324,aged_care,-27.444002,153.036366,none,54.3
CCX-000325,FDR-CQI-0093,REG-CQI,Industrial Site 325,industrial,-23.832312,151.167974,none,63.4
CCX-000326,FDR-SEQ-0037,REG-SEQ,Industrial Site 326,industrial,-27.423887,153.001848,none,57.3
CCX-000327,FDR-SEQ-0031,REG-SEQ,Water Pumping Site 327,water_pumping,-27.124279,152.928674,unknown,77.4
CCX-000328,FDR-TSV-0081,REG-TSV,Telecom Site 328,telecom,-16.936951,145.700440,none,50.9
CCX-000329,FDR-SEQ-0006,REG-SEQ,Telecom Site 329,telecom,-28.055746,153.257289,none,79.8
CCX-000330,FDR-SEQ-0025,REG-SEQ,Emergency Services Site 330,emergency_services,-26.648347,152.950583,partial,61.8
CCX-000331,FDR-TSV-0069,REG-TSV,Aged Care Site 331,aged_care,-18.698635,146.158313,full,60.8
CCX-000332,FDR-TSV-0078,REG-TSV,Industrial Site 332,industrial,-18.633649,146.094491,full,80.2
CCX-000333,FDR-SEQ-0023,REG-SEQ,Airport Site 333,airport,-26.611262,152.970473,unknown,68.4
CCX-000334,FDR-SEQ-0007,REG-SEQ,School Site 334,school,-27.119339,152.900688,none,99
CCX-000335,FDR-SEQ-0011,REG-SEQ,Emergency Services Site 335,emergency_services,-28.030898,153.332884,unknown,74.3
CCX-000336,FDR-SEQ-0035,REG-SEQ,Emergency Services Site 336,emergency_services,-27.996872,153.287112,full,65.2
CCX-000337,FDR-SEQ-0004,REG-SEQ,Industrial Site 337,industrial,-26.622918,152.867009,none,80.8
CCX-000338,FDR-SEQ-0001,REG-SEQ,Airport Site 338,airport,-27.611127,153.027314,full,61.5
CCX-000339,FDR-TSV-0082,REG-TSV,Hospital Site 339,hospital,-18.609150,146.127777,unknown,68.9
CCX-000340,FDR-SEQ-0026,REG-SEQ,Aged Care Site 340,aged_care,-26.622883,152.866960,unknown,55.3
CCX-000341,FDR-MKY-0061,REG-MKY,Industrial Site 341,industrial,-20.354856,148.613549,none,86.9
CCX-000342,FDR-SEQ-0038,REG-SEQ,Airport Site 342,airport,-27.085610,152.867786,full,71.0
CCX-000343,FDR-SEQ-0011,REG-SEQ,School Site 343,school,-27.057062,152.915848,partial,74.8
CCX-000344,FDR-CQI-0095,REG-CQI,Airport Site 344,airport,-23.422954,150.510701,full,76.0
CCX-000345,FDR-SEQ-0032,REG-SEQ,School Site 345,school,-27.444164,153.016886,unknown,82.3
CCX-000346,FDR-SEQ-0012,REG-SEQ,Telecom Site 346,telecom,-27.085616,152.867784,full,90.2
CCX-000347,FDR-SEQ-0027,REG-SEQ,Aged Care Site 347,aged_care,-27.619523,153.089311,full,63.4
CCX-000348,FDR-SEQ-0027,REG-SEQ,Airport Site 348,airport,-27.570673,152.742419,none,68.0
CCX-000349,FDR-SEQ-0012,REG-SEQ,School Site 349,school,-27.674060,152.713931,partial,67.6
CCX-000350,FDR-SEQ-0026,REG-SEQ,Industrial Site 350,industrial,-26.603932,152.944082,partial,76.4
CCX-000351,FDR-SEQ-0012,REG-SEQ,Industrial Site 351,industrial,-27.437776,152.939346,none,99
CCX-000352,FDR-CQI-0103,REG-CQI,Aged Care Site 352,aged_care,-23.509354,148.137700,full,68.0
CCX-000353,FDR-SEQ-0001,REG-SEQ,Airport Site 353,airport,-27.559358,152.772835,unknown,46.7
CCX-000354,FDR-SEQ-0011,REG-SEQ,School Site 354,school,-26.575718,152.951001,full,51.3
CCX-000355,FDR-SEQ-0009,REG-SEQ,Water Pumping Site 355,water_pumping,-28.045563,153.264257,full,52.1
CCX-000356,FDR-SEQ-0037,REG-SEQ,Airport Site 356,airport,-27.510865,152.933834,partial,49.2
CCX-000357,FDR-SEQ-0006,REG-SEQ,Emergency Services Site 357,emergency_services,-26.655399,152.973663,unknown,40.2
CCX-000358,FDR-SEQ-0031,REG-SEQ,Aged Care Site 358,aged_care,-27.667078,153.108998,partial,57.8
CCX-000359,FDR-SEQ-0020,REG-SEQ,Airport Site 359,airport,-27.134453,152.906904,full,73.8
CCX-000360,FDR-TSV-0076,REG-TSV,Telecom Site 360,telecom,-17.518466,145.965584,partial,66.9
CCX-000361,FDR-SEQ-0010,REG-SEQ,Emergency Services Site 361,emergency_services,-27.680010,153.029326,full,51.6
CCX-000362,FDR-SEQ-0005,REG-SEQ,Water Pumping Site 362,water_pumping,-27.434498,153.028702,partial,51.8
CCX-000363,FDR-TSV-0081,REG-TSV,Telecom Site 363,telecom,-16.962730,145.679445,unknown,74.6
CCX-000364,FDR-SEQ-0012,REG-SEQ,Water Pumping Site 364,water_pumping,-27.466293,152.995847,full,72.0
CCX-000365,FDR-SEQ-0011,REG-SEQ,Emergency Services Site 365,emergency_services,-27.506530,153.010406,partial,86.1
CCX-000366,FDR-SEQ-0041,REG-SEQ,Water Pumping Site 366,water_pumping,-27.636716,153.029113,unknown,66.5
CCX-000367,FDR-SEQ-0012,REG-SEQ,Aged Care Site 367,aged_care,-27.420613,152.973305,partial,51.6
CCX-000368,FDR-SEQ-0023,REG-SEQ,Water Pumping Site 368,water_pumping,-27.520436,153.019143,unknown,59.5
CCX-000369,FDR-SEQ-0020,REG-SEQ,Telecom Site 369,telecom,-27.999872,153.262509,partial,83.7
CCX-000370,FDR-TSV-0074,REG-TSV,Aged Care Site 370,aged_care,-18.643695,146.112246,unknown,82.3
CCX-000371,FDR-SEQ-0033,REG-SEQ,Industrial Site 371,industrial,-27.585801,153.106755,unknown,83.4
CCX-000372,FDR-SEQ-0001,REG-SEQ,Aged Care Site 372,aged_care,-27.577376,152.706756,none,97.1
CCX-000373,FDR-CQI-0108,REG-CQI,Aged Care Site 373,aged_care,-23.793897,151.213357,none,39.4
CCX-000374,FDR-SEQ-0040,REG-SEQ,Industrial Site 374,industrial,-27.071726,152.941967,full,75.4
CCX-000375,FDR-SEQ-0031,REG-SEQ,Emergency Services Site 375,emergency_services,-27.437851,152.951917,full,62.6
CCX-000376,FDR-SEQ-0033,REG-SEQ,Emergency Services Site 376,emergency_services,-27.668609,152.755163,unknown,82.6
CCX-000377,FDR-SEQ-0033,REG-SEQ,Aged Care Site 377,aged_care,-27.436337,152.992839,partial,52.2
CCX-000378,FDR-SEQ-0027,REG-SEQ,Hospital Site 378,hospital,-27.610647,152.776262,full,99
CCX-000379,FDR-SEQ-0031,REG-SEQ,Airport Site 379,airport,-26.644868,152.945616,none,97.4
CCX-000380,FDR-SEQ-0023,REG-SEQ,Emergency Services Site 380,emergency_services,-26.622633,152.866149,unknown,54.6
CCX-000381,FDR-SEQ-0027,REG-SEQ,Airport Site 381,airport,-27.948609,153.305649,unknown,79.9
CCX-000382,FDR-SEQ-0032,REG-SEQ,Industrial Site 382,industrial,-27.690637,153.130676,partial,74.4
CCX-000383,FDR-SEQ-0021,REG-SEQ,Emergency Services Site 383,emergency_services,-27.506205,152.992008,unknown,99
CCX-000384,FDR-SEQ-0020,REG-SEQ,Telecom Site 384,telecom,-26.654756,152.932261,partial,63.4
CCX-000385,FDR-SEQ-0004,REG-SEQ,Emergency Services Site 385,emergency_services,-27.050317,152.892530,partial,42.1
CCX-000386,FDR-SEQ-0022,REG-SEQ,Emergency Services Site 386,emergency_services,-27.612202,153.069436,none,99
CCX-000387,FDR-SEQ-0009,REG-SEQ,Water Pumping Site 387,water_pumping,-27.494596,152.999350,unknown,71.5
CCX-000388,FDR-SEQ-0012,REG-SEQ,Airport Site 388,airport,-27.077959,152.910270,full,75.8
CCX-000389,FDR-SEQ-0027,REG-SEQ,Hospital Site 389,hospital,-27.666261,153.060941,full,79.9
CCX-000390,FDR-CQI-0101,REG-CQI,Aged Care Site 390,aged_care,-23.333648,150.415001,partial,71.8
CCX-000391,FDR-CQI-0098,REG-CQI,Airport Site 391,airport,-23.578844,148.118571,unknown,87.7
CCX-000392,FDR-SEQ-0009,REG-SEQ,Hospital Site 392,hospital,-28.001886,153.342192,unknown,59.3
CCX-000393,FDR-SEQ-0020,REG-SEQ,Hospital Site 393,hospital,-27.690788,153.070021,unknown,99
CCX-000394,FDR-CQI-0090,REG-CQI,Telecom Site 394,telecom,-23.835225,151.178447,none,66.1
CCX-000395,FDR-SEQ-0022,REG-SEQ,Industrial Site 395,industrial,-27.092390,152.888095,full,89.3
CCX-000396,FDR-SEQ-0011,REG-SEQ,Aged Care Site 396,aged_care,-27.051829,152.910341,partial,43.2
CCX-000397,FDR-MKY-0062,REG-MKY,Aged Care Site 397,aged_care,-21.169196,149.089622,none,70.7
CCX-000398,FDR-MKY-0051,REG-MKY,Industrial Site 398,industrial,-20.343680,148.483427,partial,67.2
CCX-000399,FDR-SEQ-0012,REG-SEQ,Airport Site 399,airport,-26.619315,152.904203,partial,69.0
CCX-000400,FDR--RW-0121,REG-RW,Airport Site 400,airport,-20.715162,139.475489,unknown,44.4
CCX-000401,FDR-SEQ-0017,REG-SEQ,Aged Care Site 401,aged_care,-27.085730,152.867734,unknown,52.4
CCX-000402,FDR-SEQ-0040,REG-SEQ,Industrial Site 402,industrial,-27.519447,152.952454,unknown,58.6
CCX-000403,FDR-SEQ-0024,REG-SEQ,Emergency Services Site 403,emergency_services,-27.509869,153.024380,unknown,74.4
CCX-000404,FDR-SEQ-0026,REG-SEQ,Emergency Services Site 404,emergency_services,-28.056290,153.257942,unknown,78.0
CCX-000405,FDR-SEQ-0035,REG-SEQ,Aged Care Site 405,aged_care,-27.608191,153.131590,full,94.7
CCX-000406,FDR-SEQ-0027,REG-SEQ,School Site 406,school,-27.510187,152.993616,full,82.0
CCX-000407,FDR-SEQ-0010,REG-SEQ,Hospital Site 407,hospital,-27.444419,152.955921,partial,73.9
CCX-000408,FDR-SEQ-0025,REG-SEQ,Telecom Site 408,telecom,-27.970424,153.279855,unknown,40.2
CCX-000409,FDR-SEQ-0033,REG-SEQ,Emergency Services Site 409,emergency_services,-26.660107,152.962762,none,77.3
CCX-000410,FDR-TSV-0066,REG-TSV,School Site 410,school,-17.487226,145.955000,none,66.5
CCX-000411,FDR-SEQ-0041,REG-SEQ,Airport Site 411,airport,-27.486232,153.005313,none,36.5
CCX-000412,FDR-SEQ-0026,REG-SEQ,Telecom Site 412,telecom,-27.094961,152.926560,full,71.1
CCX-000413,FDR-SEQ-0020,REG-SEQ,Industrial Site 413,industrial,-27.581897,152.732284,full,75.1
CCX-000414,FDR-SEQ-0038,REG-SEQ,Aged Care Site 414,aged_care,-27.565588,152.784220,full,52.5
CCX-000415,FDR-SEQ-0033,REG-SEQ,Emergency Services Site 415,emergency_services,-27.576872,152.706561,partial,84.3
CCX-000416,FDR-SEQ-0027,REG-SEQ,Telecom Site 416,telecom,-27.620832,152.755150,full,83.5
CCX-000417,FDR-SEQ-0025,REG-SEQ,Industrial Site 417,industrial,-27.483823,153.017234,partial,78.5
CCX-000418,FDR-SEQ-0025,REG-SEQ,Industrial Site 418,industrial,-27.460207,153.013647,unknown,66.8
CCX-000419,FDR-SEQ-0026,REG-SEQ,School Site 419,school,-27.690777,153.070049,none,37.7
CCX-000420,FDR-TSV-0077,REG-TSV,Aged Care Site 420,aged_care,-18.691982,146.142951,partial,68.1
CCX-000421,FDR-SEQ-0026,REG-SEQ,Telecom Site 421,telecom,-27.559041,152.772908,partial,58.4
CCX-000422,FDR-SEQ-0035,REG-SEQ,Emergency Services Site 422,emergency_services,-27.522638,152.991382,unknown,87.2
CCX-000423,FDR-SEQ-0009,REG-SEQ,Telecom Site 423,telecom,-27.629697,152.720041,unknown,52.3
CCX-000424,FDR-SEQ-0017,REG-SEQ,Telecom Site 424,telecom,-27.644754,153.031990,none,45.0
CCX-000425,FDR-SEQ-0005,REG-SEQ,Water Pumping Site 425,water_pumping,-27.629529,152.720098,full,81.9
CCX-000426,FDR-CQI-0089,REG-CQI,Water Pumping Site 426,water_pumping,-23.528011,148.173986,partial,54.6
CCX-000427,FDR-SEQ-0024,REG-SEQ,Aged Care Site 427,aged_care,-27.999824,153.262603,unknown,65.1
CCX-000428,FDR-SEQ-0003,REG-SEQ,Hospital Site 428,hospital,-27.499102,153.034117,unknown,60.7
CCX-000429,FDR-SEQ-0028,REG-SEQ,Telecom Site 429,telecom,-26.595997,152.891724,partial,36.9
CCX-000430,FDR-CQI-0106,REG-CQI,School Site 430,school,-23.838489,151.222023,full,64.9
CCX-000431,FDR-SEQ-0039,REG-SEQ,Telecom Site 431,telecom,-28.055993,153.257393,full,78.1
CCX-000432,FDR-SEQ-0030,REG-SEQ,Water Pumping Site 432,water_pumping,-27.650704,152.751881,none,42.7
CCX-000433,FDR-SEQ-0033,REG-SEQ,Hospital Site 433,hospital,-26.644555,152.892212,partial,26.4
CCX-000434,FDR-TSV-0087,REG-TSV,School Site 434,school,-18.647377,146.121759,none,84.3
CCX-000435,FDR-TSV-0068,REG-TSV,Airport Site 435,airport,-19.309583,146.761953,unknown,76.3
CCX-000436,FDR-TSV-0082,REG-TSV,Emergency Services Site 436,emergency_services,-17.568731,145.904075,unknown,93.4
CCX-000437,FDR-SEQ-0042,REG-SEQ,Hospital Site 437,hospital,-26.619622,152.922495,full,45.3
CCX-000438,FDR-SEQ-0034,REG-SEQ,Emergency Services Site 438,emergency_services,-27.618440,152.725277,partial,51.8
CCX-000439,FDR-SEQ-0032,REG-SEQ,Aged Care Site 439,aged_care,-26.599034,152.893581,none,48.0
CCX-000440,FDR-SEQ-0031,REG-SEQ,Industrial Site 440,industrial,-27.513558,152.956665,partial,64.3
CCX-000441,FDR-SEQ-0007,REG-SEQ,Emergency Services Site 441,emergency_services,-27.443072,152.962094,unknown,76.7
CCX-000442,FDR-SEQ-0033,REG-SEQ,Telecom Site 442,telecom,-26.596071,152.891623,none,62.5
CCX-000443,FDR-SEQ-0011,REG-SEQ,Airport Site 443,airport,-26.620497,152.879850,none,61.1
CCX-000444,FDR-MKY-0061,REG-MKY,Airport Site 444,airport,-20.000189,148.170185,full,69.2
CCX-000445,FDR-SEQ-0008,REG-SEQ,Emergency Services Site 445,emergency_services,-27.518542,152.982643,none,59.7
CCX-000446,FDR-SEQ-0007,REG-SEQ,Emergency Services Site 446,emergency_services,-28.037924,153.271393,partial,76.0
CCX-000447,FDR-SEQ-0039,REG-SEQ,Water Pumping Site 447,water_pumping,-26.650696,152.910311,unknown,58.9
CCX-000448,FDR-SEQ-0033,REG-SEQ,Telecom Site 448,telecom,-26.611012,152.968197,none,62.6
CCX-000449,FDR-SEQ-0038,REG-SEQ,Hospital Site 449,hospital,-27.518234,152.998549,full,50.0
CCX-000450,FDR-SEQ-0019,REG-SEQ,Telecom Site 450,telecom,-27.627618,153.122798,unknown,89.7
CCX-000451,FDR-SEQ-0032,REG-SEQ,Aged Care Site 451,aged_care,-27.127267,152.947545,partial,62.1
CCX-000452,FDR-TSV-0082,REG-TSV,Hospital Site 452,hospital,-17.530221,146.009629,unknown,54.3
CCX-000453,FDR-SEQ-0006,REG-SEQ,School Site 453,school,-28.055962,153.257065,unknown,60.6
CCX-000454,FDR-SEQ-0027,REG-SEQ,Telecom Site 454,telecom,-27.689923,153.074795,unknown,75.0
CCX-000455,FDR-SEQ-0038,REG-SEQ,Aged Care Site 455,aged_care,-27.500351,153.014606,full,82.9
CCX-000456,FDR-SEQ-0025,REG-SEQ,Airport Site 456,airport,-27.417358,152.948111,none,68.4
CCX-000457,FDR-SEQ-0035,REG-SEQ,Industrial Site 457,industrial,-26.622825,152.866878,partial,82.8
CCX-000458,FDR-SEQ-0005,REG-SEQ,Industrial Site 458,industrial,-27.668685,152.754446,none,64.6
CCX-000459,FDR-SEQ-0032,REG-SEQ,Water Pumping Site 459,water_pumping,-27.607101,152.787569,partial,71.4
CCX-000460,FDR-SEQ-0025,REG-SEQ,Industrial Site 460,industrial,-27.630013,152.795749,unknown,70.6
CCX-000461,FDR-SEQ-0039,REG-SEQ,Industrial Site 461,industrial,-27.643258,153.130469,partial,81.1
CCX-000462,FDR-SEQ-0018,REG-SEQ,Telecom Site 462,telecom,-27.591692,153.063202,full,64.7
CCX-000463,FDR-SEQ-0008,REG-SEQ,Water Pumping Site 463,water_pumping,-27.523336,152.977676,unknown,60.5
CCX-000464,FDR-SEQ-0040,REG-SEQ,Water Pumping Site 464,water_pumping,-27.565695,152.749062,full,95.1
CCX-000465,FDR-SEQ-0006,REG-SEQ,Water Pumping Site 465,water_pumping,-26.609036,152.918262,full,68.1
CCX-000466,FDR-SEQ-0042,REG-SEQ,Industrial Site 466,industrial,-27.681197,153.119286,none,58.0
CCX-000467,FDR-SEQ-0003,REG-SEQ,Telecom Site 467,telecom,-27.113339,152.930316,full,67.1
CCX-000468,FDR-SEQ-0031,REG-SEQ,Water Pumping Site 468,water_pumping,-27.504152,152.957114,none,60.9
CCX-000469,FDR-SEQ-0012,REG-SEQ,Industrial Site 469,industrial,-27.039936,152.906907,unknown,74.1
CCX-000470,FDR-MKY-0044,REG-MKY,Water Pumping Site 470,water_pumping,-21.135164,149.132872,none,47.5
CCX-000471,FDR-SEQ-0013,REG-SEQ,School Site 471,school,-28.023925,153.342645,partial,49.8
CCX-000472,FDR-SEQ-0030,REG-SEQ,Industrial Site 472,industrial,-27.109490,152.953149,partial,61.3
CCX-000473,FDR-CQI-0092,REG-CQI,Water Pumping Site 473,water_pumping,-23.789522,151.212353,unknown,65.8
CCX-000474,FDR-SEQ-0030,REG-SEQ,Emergency Services Site 474,emergency_services,-26.622927,152.866978,partial,99
CCX-000475,FDR-TSV-0074,REG-TSV,Emergency Services Site 475,emergency_services,-19.242727,146.734711,none,54.9
CCX-000476,FDR-SEQ-0025,REG-SEQ,Telecom Site 476,telecom,-27.951728,153.277996,partial,67.6
CCX-000477,FDR-CQI-0101,REG-CQI,Telecom Site 477,telecom,-23.569274,148.174862,partial,65.1
CCX-000478,FDR-SEQ-0035,REG-SEQ,Hospital Site 478,hospital,-27.986530,153.274102,none,70.6
CCX-000479,FDR-SEQ-0013,REG-SEQ,Emergency Services Site 479,emergency_services,-26.628182,152.930786,partial,73.9
CCX-000480,FDR-SEQ-0023,REG-SEQ,Emergency Services Site 480,emergency_services,-27.655823,153.110959,full,71.7
CCX-000481,FDR-SEQ-0032,REG-SEQ,Aged Care Site 481,aged_care,-27.108419,152.912038,partial,61.5
CCX-000482,FDR-SEQ-0007,REG-SEQ,Airport Site 482,airport,-26.623724,152.866691,unknown,84.6
CCX-000483,FDR-SEQ-0006,REG-SEQ,Aged Care Site 483,aged_care,-27.431151,152.960936,partial,93.5
CCX-000484,FDR-SEQ-0039,REG-SEQ,Industrial Site 484,industrial,-27.582722,152.813607,none,78.3
CCX-000485,FDR-SEQ-0034,REG-SEQ,Hospital Site 485,hospital,-28.000873,153.262985,none,80.4
CCX-000486,FDR-CQI-0090,REG-CQI,Telecom Site 486,telecom,-23.423878,150.453913,unknown,99
CCX-000487,FDR-CQI-0101,REG-CQI,Hospital Site 487,hospital,-23.886685,151.205998,partial,55.4
CCX-000488,FDR-SEQ-0032,REG-SEQ,Emergency Services Site 488,emergency_services,-28.057740,153.315831,none,73.6
CCX-000489,FDR-SEQ-0019,REG-SEQ,Emergency Services Site 489,emergency_services,-27.662265,153.066741,unknown,79.1
CCX-000490,FDR-SEQ-0032,REG-SEQ,Hospital Site 490,hospital,-27.660126,152.713631,partial,87.5
CCX-000491,FDR-MKY-0044,REG-MKY,Water Pumping Site 491,water_pumping,-20.345245,148.501215,full,60.9
CCX-000492,FDR-SEQ-0037,REG-SEQ,Airport Site 492,airport,-27.980362,153.273246,none,69.7
CCX-000493,FDR-SEQ-0022,REG-SEQ,Water Pumping Site 493,water_pumping,-26.621874,152.969884,full,94.4
CCX-000494,FDR-TSV-0082,REG-TSV,Hospital Site 494,hospital,-18.704571,146.149400,full,61.3
CCX-000495,FDR-SEQ-0001,REG-SEQ,Aged Care Site 495,aged_care,-27.135584,152.915071,unknown,90.0
CCX-000496,FDR-SEQ-0005,REG-SEQ,Industrial Site 496,industrial,-27.982686,153.272687,unknown,55.1
CCX-000497,FDR-SEQ-0016,REG-SEQ,Industrial Site 497,industrial,-27.519838,153.031325,full,99
CCX-000498,FDR-SEQ-0015,REG-SEQ,Aged Care Site 498,aged_care,-27.617049,153.093439,full,81.9
CCX-000499,FDR-SEQ-0017,REG-SEQ,Industrial Site 499,industrial,-26.673480,152.904747,none,67.5
CCX-000500,FDR-SEQ-0022,REG-SEQ,Airport Site 500,airport,-27.524384,152.977394,full,76.8
CCX-000501,FDR-CQI-0090,REG-CQI,Water Pumping Site 501,water_pumping,-23.565002,148.182453,full,62.0
CCX-000502,FDR-SEQ-0033,REG-SEQ,Airport Site 502,airport,-27.084839,152.868124,unknown,65.5
CCX-000503,FDR-SEQ-0015,REG-SEQ,Aged Care Site 503,aged_care,-26.580142,152.941446,none,81.1
CCX-000504,FDR-CQI-0095,REG-CQI,Telecom Site 504,telecom,-23.898025,151.203998,unknown,46.2
CCX-000505,FDR-SEQ-0015,REG-SEQ,School Site 505,school,-27.685978,153.116078,none,68.1
CCX-000506,FDR-TSV-0085,REG-TSV,Aged Care Site 506,aged_care,-16.875744,145.676842,unknown,69.1
CCX-000507,FDR-SEQ-0005,REG-SEQ,Industrial Site 507,industrial,-27.651601,153.062113,partial,72.5
CCX-000508,FDR-CQI-0097,REG-CQI,Aged Care Site 508,aged_care,-23.373131,150.400217,partial,48.5
CCX-000509,FDR-SEQ-0040,REG-SEQ,Emergency Services Site 509,emergency_services,-27.651698,152.739262,none,73.5
CCX-000510,FDR-SEQ-0020,REG-SEQ,Aged Care Site 510,aged_care,-27.612871,152.755844,full,45.7
CCX-000511,FDR-SEQ-0039,REG-SEQ,Industrial Site 511,industrial,-27.596421,152.747895,full,53.5
CCX-000512,FDR-SEQ-0033,REG-SEQ,School Site 512,school,-28.038362,153.271574,unknown,73.0
CCX-000513,FDR-SEQ-0007,REG-SEQ,Telecom Site 513,telecom,-27.584424,152.794365,none,76.6
CCX-000514,FDR-SEQ-0033,REG-SEQ,Emergency Services Site 514,emergency_services,-28.031971,153.282111,none,94.3
CCX-000515,FDR-MKY-0061,REG-MKY,Hospital Site 515,hospital,-20.348071,148.505329,unknown,82.0
CCX-000516,FDR-SEQ-0007,REG-SEQ,Industrial Site 516,industrial,-27.445428,152.955686,none,63.9
CCX-000517,FDR-SEQ-0022,REG-SEQ,Emergency Services Site 517,emergency_services,-27.980026,153.319940,partial,74.1
CCX-000518,FDR-SEQ-0021,REG-SEQ,Telecom Site 518,telecom,-27.603448,152.761401,partial,81.5
CCX-000519,FDR-SEQ-0001,REG-SEQ,Water Pumping Site 519,water_pumping,-27.132203,152.965330,full,60.7
CCX-000520,FDR-SEQ-0016,REG-SEQ,School Site 520,school,-27.687010,153.045910,partial,74.8
CCX-000521,FDR-MKY-0061,REG-MKY,Aged Care Site 521,aged_care,-19.999413,148.169756,none,62.4
CCX-000522,FDR-SEQ-0022,REG-SEQ,Airport Site 522,airport,-27.645675,152.777364,partial,99
CCX-000523,FDR-MKY-0048,REG-MKY,Hospital Site 523,hospital,-21.086586,149.105770,partial,86.9
CCX-000524,FDR--RW-0109,REG-RW,Aged Care Site 524,aged_care,-23.450690,144.280225,none,57.8
CCX-000525,FDR-SEQ-0018,REG-SEQ,Telecom Site 525,telecom,-28.056251,153.257870,unknown,56.6
CCX-000526,FDR-SEQ-0024,REG-SEQ,Industrial Site 526,industrial,-27.113919,152.930231,full,90.4
CCX-000527,FDR-SEQ-0026,REG-SEQ,Airport Site 527,airport,-26.619998,152.896239,partial,84.3
CCX-000528,FDR-SEQ-0019,REG-SEQ,Aged Care Site 528,aged_care,-27.046954,152.925632,partial,59.9
CCX-000529,FDR-SEQ-0004,REG-SEQ,Emergency Services Site 529,emergency_services,-27.459548,152.979446,partial,61.4
CCX-000530,FDR-SEQ-0041,REG-SEQ,School Site 530,school,-28.054233,153.265600,partial,56.5
CCX-000531,FDR-TSV-0083,REG-TSV,Aged Care Site 531,aged_care,-19.264633,146.714625,unknown,99
CCX-000532,FDR-SEQ-0022,REG-SEQ,Aged Care Site 532,aged_care,-27.128697,152.925209,none,66.0
CCX-000533,FDR-TSV-0086,REG-TSV,Hospital Site 533,hospital,-18.687039,146.107178,unknown,53.5
CCX-000534,FDR-SEQ-0004,REG-SEQ,Emergency Services Site 534,emergency_services,-27.685790,153.031583,full,45.8
CCX-000535,FDR-MKY-0056,REG-MKY,Aged Care Site 535,aged_care,-20.055176,148.215635,unknown,57.3
CCX-000536,FDR-SEQ-0022,REG-SEQ,Telecom Site 536,telecom,-27.600664,152.748311,unknown,51.6
CCX-000537,FDR-MKY-0061,REG-MKY,Emergency Services Site 537,emergency_services,-20.347389,148.472616,partial,73.6
CCX-000538,FDR-CQI-0093,REG-CQI,Emergency Services Site 538,emergency_services,-23.871545,151.196286,full,88.0
CCX-000539,FDR-SEQ-0021,REG-SEQ,Aged Care Site 539,aged_care,-27.668627,152.744444,full,70.4
CCX-000540,FDR-SEQ-0041,REG-SEQ,Telecom Site 540,telecom,-28.044196,153.264584,partial,83.7
CCX-000541,FDR-SEQ-0022,REG-SEQ,Airport Site 541,airport,-27.628318,152.796124,none,69.4
CCX-000542,FDR-TSV-0078,REG-TSV,Industrial Site 542,industrial,-17.530578,145.978713,unknown,67.4
CCX-000543,FDR-SEQ-0007,REG-SEQ,Industrial Site 543,industrial,-27.445391,152.979474,none,63.3
CCX-000544,FDR-MKY-0060,REG-MKY,Water Pumping Site 544,water_pumping,-20.347901,148.464312,partial,31.4
CCX-000545,FDR-SEQ-0007,REG-SEQ,Aged Care Site 545,aged_care,-27.999878,153.262498,none,83.4
CCX-000546,FDR-SEQ-0024,REG-SEQ,Telecom Site 546,telecom,-27.085075,152.868020,none,56.6
CCX-000547,FDR-SEQ-0033,REG-SEQ,Emergency Services Site 547,emergency_services,-27.624308,152.710089,unknown,61.0
CCX-000548,FDR-CQI-0094,REG-CQI,Airport Site 548,airport,-23.333849,150.414973,full,72.2
CCX-000549,FDR-SEQ-0020,REG-SEQ,Hospital Site 549,hospital,-27.466540,152.967863,unknown,54.2
CCX-000550,FDR-SEQ-0010,REG-SEQ,Hospital Site 550,hospital,-26.647466,152.924545,partial,70.0
CCX-000551,FDR-MKY-0046,REG-MKY,Airport Site 551,airport,-20.342953,148.484056,partial,60.9
CCX-000552,FDR-TSV-0076,REG-TSV,Industrial Site 552,industrial,-18.628047,146.083927,unknown,87.3
CCX-000553,FDR-SEQ-0035,REG-SEQ,Emergency Services Site 553,emergency_services,-27.585026,152.736458,full,75.8
CCX-000554,FDR-SEQ-0007,REG-SEQ,Aged Care Site 554,aged_care,-27.667339,152.736951,full,55.4
CCX-000555,FDR-SEQ-0010,REG-SEQ,School Site 555,school,-28.056540,153.257182,full,73.5
CCX-000556,FDR-SEQ-0007,REG-SEQ,Hospital Site 556,hospital,-28.066662,153.252387,full,84.9
CCX-000557,FDR-SEQ-0038,REG-SEQ,Emergency Services Site 557,emergency_services,-27.134174,152.987846,unknown,65.3
CCX-000558,FDR-SEQ-0007,REG-SEQ,Aged Care Site 558,aged_care,-27.980226,153.272480,unknown,92.2
CCX-000559,FDR-SEQ-0012,REG-SEQ,Emergency Services Site 559,emergency_services,-27.999625,153.262992,unknown,60.7
CCX-000560,FDR-CQI-0108,REG-CQI,Airport Site 560,airport,-23.850075,151.163372,unknown,46.3
CCX-000561,FDR-SEQ-0038,REG-SEQ,School Site 561,school,-27.604404,153.026667,unknown,55.3
CCX-000562,FDR-SEQ-0033,REG-SEQ,Airport Site 562,airport,-27.454001,152.952142,unknown,45.0
CCX-000563,FDR-SEQ-0011,REG-SEQ,School Site 563,school,-26.576300,152.923208,none,84.1
CCX-000564,FDR-MKY-0056,REG-MKY,Aged Care Site 564,aged_care,-19.999858,148.169559,unknown,87.6
CCX-000565,FDR--RW-0112,REG-RW,Airport Site 565,airport,-20.746480,139.471047,partial,88.6
CCX-000566,FDR-SEQ-0040,REG-SEQ,Emergency Services Site 566,emergency_services,-26.672887,152.912224,unknown,66.3
CCX-000567,FDR-SEQ-0021,REG-SEQ,School Site 567,school,-27.671483,152.805960,unknown,75.9
CCX-000568,FDR-SEQ-0004,REG-SEQ,Airport Site 568,airport,-26.653615,152.919463,partial,91.8
CCX-000569,FDR-SEQ-0023,REG-SEQ,Emergency Services Site 569,emergency_services,-26.596351,152.891240,unknown,74.5
CCX-000570,FDR-SEQ-0027,REG-SEQ,Emergency Services Site 570,emergency_services,-28.039500,153.327893,full,77.4
CCX-000571,FDR-CQI-0105,REG-CQI,Airport Site 571,airport,-23.368338,150.427392,none,74.7
CCX-000572,FDR-SEQ-0033,REG-SEQ,Hospital Site 572,hospital,-27.660475,152.714873,none,64.9
CCX-000573,FDR-SEQ-0041,REG-SEQ,Emergency Services Site 573,emergency_services,-27.594910,153.085225,none,64.2
CCX-000574,FDR-SEQ-0026,REG-SEQ,Water Pumping Site 574,water_pumping,-26.618945,152.887518,partial,69.6
CCX-000575,FDR-SEQ-0034,REG-SEQ,Emergency Services Site 575,emergency_services,-26.645118,152.931718,partial,63.3
CCX-000576,FDR-MKY-0061,REG-MKY,Water Pumping Site 576,water_pumping,-20.000054,148.170419,full,82.5
CCX-000577,FDR-SEQ-0007,REG-SEQ,School Site 577,school,-26.633660,152.978028,partial,64.6
CCX-000578,FDR-TSV-0066,REG-TSV,Emergency Services Site 578,emergency_services,-17.524792,145.920754,full,52.0
CCX-000579,FDR-SEQ-0041,REG-SEQ,Water Pumping Site 579,water_pumping,-26.675273,152.935560,none,71.0
CCX-000580,FDR-SEQ-0012,REG-SEQ,Airport Site 580,airport,-27.419241,153.010811,none,68.3
CCX-000581,FDR-TSV-0078,REG-TSV,Airport Site 581,airport,-16.938836,145.731696,none,66.0
CCX-000582,FDR-SEQ-0018,REG-SEQ,Water Pumping Site 582,water_pumping,-27.596826,152.794193,unknown,65.6
CCX-000583,FDR-SEQ-0027,REG-SEQ,Emergency Services Site 583,emergency_services,-27.420388,152.960400,none,93.4
CCX-000584,FDR-SEQ-0020,REG-SEQ,Industrial Site 584,industrial,-27.084984,152.868060,unknown,91.9
CCX-000585,FDR-TSV-0078,REG-TSV,Telecom Site 585,telecom,-17.565284,145.938023,none,77.9
CCX-000586,FDR-SEQ-0020,REG-SEQ,Industrial Site 586,industrial,-27.588517,153.033591,partial,81.4
CCX-000587,FDR-SEQ-0022,REG-SEQ,Airport Site 587,airport,-27.645703,153.069885,none,48.6
CCX-000588,FDR-SEQ-0007,REG-SEQ,Hospital Site 588,hospital,-27.586738,153.092802,unknown,72.6
CCX-000589,FDR-SEQ-0027,REG-SEQ,Water Pumping Site 589,water_pumping,-27.508141,153.035721,none,68.9
CCX-000590,FDR-SEQ-0031,REG-SEQ,Hospital Site 590,hospital,-27.511123,152.991604,partial,57.7
CCX-000591,FDR-SEQ-0009,REG-SEQ,Water Pumping Site 591,water_pumping,-27.643257,153.019893,full,74.4
CCX-000592,FDR-SEQ-0039,REG-SEQ,Airport Site 592,airport,-27.637669,152.754292,none,86.6
CCX-000593,FDR-SEQ-0012,REG-SEQ,Emergency Services Site 593,emergency_services,-26.661444,152.960611,none,97.8
CCX-000594,FDR-SEQ-0033,REG-SEQ,Aged Care Site 594,aged_care,-27.675457,153.123965,none,64.7
CCX-000595,FDR-SEQ-0038,REG-SEQ,School Site 595,school,-27.633239,152.711985,partial,73.6
CCX-000596,FDR-SEQ-0005,REG-SEQ,Hospital Site 596,hospital,-26.638098,152.895936,unknown,87.1
CCX-000597,FDR-SEQ-0021,REG-SEQ,Emergency Services Site 597,emergency_services,-27.483334,152.960348,none,48.7
CCX-000598,FDR-SEQ-0034,REG-SEQ,Emergency Services Site 598,emergency_services,-27.603243,152.761695,unknown,81.1
CCX-000599,FDR-SEQ-0034,REG-SEQ,Water Pumping Site 599,water_pumping,-27.623753,152.761157,none,64.6
CCX-000600,FDR--RW-0121,REG-RW,Aged Care Site 600,aged_care,-22.351462,142.982646,unknown,80.8
